DROP DATABASE IF EXISTS `p2p_bank_depository`;
CREATE DATABASE  `p2p_bank_depository` DEFAULT CHARACTER SET utf8mb4 COLLATE utf8mb4_general_ci;
USE `p2p_bank_depository`;

SET NAMES utf8mb4;
SET FOREIGN_KEY_CHECKS = 0;

-- ----------------------------
-- Table structure for balance_details
-- ----------------------------
DROP TABLE IF EXISTS `balance_details`;
CREATE TABLE `balance_details` (
  `ID` bigint(20) NOT NULL AUTO_INCREMENT COMMENT '主键',
  `USER_NO` varchar(50) DEFAULT NULL COMMENT '用户编码,生成唯一,用户在存管系统标识',
  `CHANGE_TYPE` tinyint(4) DEFAULT NULL COMMENT '账户变动类型.1.增加.2.减少.3.冻结.4解冻',
  `AMOUNT` decimal(10,2) DEFAULT NULL COMMENT '变动金额',
  `FREEZE_AMOUNT` decimal(10,2) DEFAULT NULL COMMENT '冻结金额',
  `BALANCE` decimal(10,2) DEFAULT NULL COMMENT '可用余额',
  `APP_CODE` varchar(50) DEFAULT NULL COMMENT '应用编码',
  `CREATE_DATE` datetime DEFAULT NULL COMMENT '账户变动时间',
  `REQUEST_CONTENT` text COMMENT '引起余额变动的冗余业务信息',
  PRIMARY KEY (`ID`)
) ENGINE=InnoDB DEFAULT CHARSET=utf8 COMMENT='用户余额明细表';

-- ----------------------------
-- Table structure for bank_card
-- ----------------------------
DROP TABLE IF EXISTS `bank_card`;
CREATE TABLE `bank_card` (
  `ID` bigint(20) NOT NULL AUTO_INCREMENT COMMENT '主键',
  `USER_ID` bigint(20) DEFAULT NULL COMMENT '用户标识',
  `BANK_CODE` varchar(50) NOT NULL COMMENT '银行编码',
  `BANK_NAME` varchar(50) DEFAULT NULL COMMENT '银行名称',
  `CARD_NUMBER` varchar(50) DEFAULT NULL COMMENT '银行卡号',
  `PASSWORD` varchar(50) DEFAULT NULL COMMENT '银行卡密码',
  PRIMARY KEY (`ID`)
) ENGINE=InnoDB AUTO_INCREMENT=108 DEFAULT CHARSET=utf8 COMMENT='银行用户银行卡信息';

-- ----------------------------
-- Records of bank_card
-- ----------------------------
BEGIN;
INSERT INTO `bank_card` VALUES (1, 1, 'BOC', '中国银行', '6212536639551234', '123456');
INSERT INTO `bank_card` VALUES (2, 1, 'ICBC', '中国工商银行', '6212536639551222', '123456');
INSERT INTO `bank_card` VALUES (4, 2, 'ICBC', '中国工商银行', '6212536639551266', '123456');
INSERT INTO `bank_card` VALUES (5, 3, 'BOC', '中国银行', '6222604000557643', '123456');
INSERT INTO `bank_card` VALUES (6, 4, 'CITIC', '中信银行', '6226904300378351', '888888');
INSERT INTO `bank_card` VALUES (7, 5, 'PAB', '平安银行', '6221559859777125', '888888');
INSERT INTO `bank_card` VALUES (8, 6, 'BOC', '中国银行', '6227527705975080', '888888');
INSERT INTO `bank_card` VALUES (9, 7, 'CITIC', '中信银行', '6226906647915613', '888888');
INSERT INTO `bank_card` VALUES (10, 8, 'ICBC', '中国工商银行', '6222007119233017', '888888');
INSERT INTO `bank_card` VALUES (11, 9, 'BOC', '中国银行', '6227526996113369', '888888');
INSERT INTO `bank_card` VALUES (12, 10, 'CCB', '中国建设银行', '6222807369319808', '888888');
INSERT INTO `bank_card` VALUES (13, 11, 'BCOM', '交通银行', '6222607246200159', '888888');
INSERT INTO `bank_card` VALUES (14, 12, 'CITIC', '中信银行', '6226907615559094', '888888');
INSERT INTO `bank_card` VALUES (15, 13, 'CITIC', '中信银行', '6226907480896985', '888888');
INSERT INTO `bank_card` VALUES (16, 14, 'CEB', '中国光大银行', '6226505880341550', '888888');
INSERT INTO `bank_card` VALUES (17, 15, 'CITIC', '中信银行', '6226905757221903', '888888');
INSERT INTO `bank_card` VALUES (18, 16, 'CMBC', '中国民生银行', '6226026126580851', '888888');
INSERT INTO `bank_card` VALUES (19, 17, 'CEB', '中国光大银行', '6226556009232436', '888888');
INSERT INTO `bank_card` VALUES (20, 18, 'BOC', '中国银行', '6227526378591380', '888888');
INSERT INTO `bank_card` VALUES (21, 19, 'CCB', '中国建设银行', '6222806224691823', '888888');
INSERT INTO `bank_card` VALUES (22, 20, 'CGB', '广东发展银行', '6225686594050769', '888888');
INSERT INTO `bank_card` VALUES (23, 21, 'BCOM', '交通银行', '6222606561347116', '888888');
INSERT INTO `bank_card` VALUES (24, 22, 'CITIC', '中信银行', '6226906438227467', '888888');
INSERT INTO `bank_card` VALUES (25, 23, 'PAB', '平安银行', '6221564806892126', '888888');
INSERT INTO `bank_card` VALUES (26, 24, 'CITIC', '中信银行', '6226904770340980', '888888');
INSERT INTO `bank_card` VALUES (27, 25, 'ICBC', '中国工商银行', '6222305066597636', '888888');
INSERT INTO `bank_card` VALUES (28, 26, 'CGB', '广东发展银行', '6225685014656536', '888888');
INSERT INTO `bank_card` VALUES (29, 27, 'CGB', '广东发展银行', '6225685353235561', '888888');
INSERT INTO `bank_card` VALUES (30, 28, 'CMBC', '中国民生银行', '6226035260895827', '888888');
INSERT INTO `bank_card` VALUES (31, 29, 'CMB', '招商银行', '6225785630254771', '888888');
INSERT INTO `bank_card` VALUES (32, 30, 'BCOM', '交通银行', '6222605476355214', '888888');
INSERT INTO `bank_card` VALUES (33, 31, 'CEB', '中国光大银行', '6226507658662936', '888888');
INSERT INTO `bank_card` VALUES (34, 32, 'HXB', '华夏银行', '6226377539390770', '888888');
INSERT INTO `bank_card` VALUES (35, 33, 'CMBC', '中国民生银行', '6226027902978483', '888888');
INSERT INTO `bank_card` VALUES (36, 34, 'ICBC', '中国工商银行', '6222307877969806', '888888');
INSERT INTO `bank_card` VALUES (37, 35, 'HXB', '华夏银行', '6226367724070246', '888888');
INSERT INTO `bank_card` VALUES (38, 36, 'CCB', '中国建设银行', '6222808093429194', '888888');
INSERT INTO `bank_card` VALUES (39, 37, 'HXB', '华夏银行', '6226367970309546', '888888');
INSERT INTO `bank_card` VALUES (40, 38, 'PAB', '平安银行', '6221558430084472', '888888');
INSERT INTO `bank_card` VALUES (41, 39, 'BCOM', '交通银行', '6222608266566198', '888888');
INSERT INTO `bank_card` VALUES (42, 40, 'PAB', '平安银行', '6221556666010773', '888888');
INSERT INTO `bank_card` VALUES (43, 41, 'CCB', '中国建设银行', '6222806542891121', '888888');
INSERT INTO `bank_card` VALUES (44, 42, 'CEB', '中国光大银行', '6226586512111215', '888888');
INSERT INTO `bank_card` VALUES (45, 43, 'BCOM', '交通银行', '6222606854537738', '888888');
INSERT INTO `bank_card` VALUES (46, 44, 'ICBC', '中国工商银行', '6222356731418088', '888888');
INSERT INTO `bank_card` VALUES (47, 45, 'CMBC', '中国民生银行', '6226027089234569', '888888');
INSERT INTO `bank_card` VALUES (48, 46, 'CCB', '中国建设银行', '6222807056530907', '888888');
INSERT INTO `bank_card` VALUES (49, 47, 'BOC', '中国银行', '6227527395109933', '888888');
INSERT INTO `bank_card` VALUES (50, 48, 'CMBC', '中国民生银行', '6226037364330024', '888888');
INSERT INTO `bank_card` VALUES (51, 49, 'CGB', '广东发展银行', '6225687216201707', '888888');
INSERT INTO `bank_card` VALUES (52, 50, 'CCB', '中国建设银行', '6222805707986015', '888888');
INSERT INTO `bank_card` VALUES (53, 51, 'CMBC', '中国民生银行', '6226015554086457', '888888');
INSERT INTO `bank_card` VALUES (54, 52, 'CMB', '招商银行', '6225815523306535', '888888');
INSERT INTO `bank_card` VALUES (55, 53, 'ICBC', '中国工商银行', '6222355861885579', '888888');
INSERT INTO `bank_card` VALUES (56, 54, 'BOC', '中国银行', '6227525831105655', '888888');
INSERT INTO `bank_card` VALUES (57, 55, 'PAB', '平安银行', '6221566169684693', '888888');
INSERT INTO `bank_card` VALUES (58, 56, 'CMB', '招商银行', '6225786138904776', '888888');
INSERT INTO `bank_card` VALUES (59, 57, 'CEB', '中国光大银行', '6226586015785135', '888888');
INSERT INTO `bank_card` VALUES (60, 58, 'CMB', '招商银行', '6282626354364166', '888888');
INSERT INTO `bank_card` VALUES (61, 59, 'CEB', '中国光大银行', '6226556323584256', '888888');
INSERT INTO `bank_card` VALUES (62, 60, 'CITIC', '中信银行', '6226904690325178', '888888');
INSERT INTO `bank_card` VALUES (63, 61, 'HXB', '华夏银行', '6226374649926536', '888888');
INSERT INTO `bank_card` VALUES (64, 62, 'PAB', '平安银行', '6221554494103233', '888888');
INSERT INTO `bank_card` VALUES (65, 63, 'HXB', '华夏银行', '6226374869233407', '888888');
INSERT INTO `bank_card` VALUES (66, 64, 'CEB', '中国光大银行', '6226584836529758', '888888');
INSERT INTO `bank_card` VALUES (67, 65, 'ICBC', '中国工商银行', '6222355175108783', '888888');
INSERT INTO `bank_card` VALUES (68, 66, 'CGB', '广东发展银行', '6225685076997810', '888888');
INSERT INTO `bank_card` VALUES (69, 67, 'CEB', '中国光大银行', '6226554990429319', '888888');
INSERT INTO `bank_card` VALUES (70, 68, 'CMB', '招商银行', '6225785384796936', '888888');
INSERT INTO `bank_card` VALUES (71, 69, 'PAB', '平安银行', '6221565352093274', '888888');
INSERT INTO `bank_card` VALUES (72, 70, 'BCOM', '交通银行', '6222600115960201', '888888');
INSERT INTO `bank_card` VALUES (73, 71, 'HXB', '华夏银行', '6226360085180290', '888888');
INSERT INTO `bank_card` VALUES (74, 72, 'BOC', '中国银行', '6227526588164952', '888888');
INSERT INTO `bank_card` VALUES (75, 73, 'PAB', '平安银行', '6221560391055665', '888888');
INSERT INTO `bank_card` VALUES (76, 74, 'CITIC', '中信银行', '6226900237156100', '888888');
INSERT INTO `bank_card` VALUES (77, 75, 'CEB', '中国光大银行', '6226550612286285', '888888');
INSERT INTO `bank_card` VALUES (78, 76, 'HXB', '华夏银行', '6226360581506378', '888888');
INSERT INTO `bank_card` VALUES (79, 77, 'PAB', '平安银行', '6221560456462988', '888888');
INSERT INTO `bank_card` VALUES (80, 78, 'BOC', '中国银行', '6227520785423295', '888888');
INSERT INTO `bank_card` VALUES (81, 79, 'PAB', '平安银行', '6221550752719637', '888888');
INSERT INTO `bank_card` VALUES (82, 80, 'BCOM', '交通银行', '6222600751838612', '888888');
INSERT INTO `bank_card` VALUES (83, 81, 'CITIC', '中信银行', '6226907291258771', '888888');
INSERT INTO `bank_card` VALUES (84, 82, 'BOC', '中国银行', '6227528513523088', '888888');
INSERT INTO `bank_card` VALUES (85, 83, 'CEB', '中国光大银行', '6226586321566641', '888888');
INSERT INTO `bank_card` VALUES (86, 84, 'BCOM', '交通银行', '6222600211562315', '888888');
INSERT INTO `bank_card` VALUES (87, 85, 'ICBC', '中国工商银行', '6222102608414622', '888888');
INSERT INTO `bank_card` VALUES (88, 86, 'ICBC', '中国工商银行', '6222157291359930', '888888');
INSERT INTO `bank_card` VALUES (89, 87, 'CMB', '招商银行', '6283625781290340', '888888');
INSERT INTO `bank_card` VALUES (90, 88, 'CGB', '广东发展银行', '6225689747014542', '888888');
INSERT INTO `bank_card` VALUES (91, 89, 'CCB', '中国建设银行', '6222804811598212', '888888');
INSERT INTO `bank_card` VALUES (92, 90, 'CCB', '中国建设银行', '6222806033862524', '888888');
INSERT INTO `bank_card` VALUES (93, 91, 'CMBC', '中国民生银行', '6226039645891006', '888888');
INSERT INTO `bank_card` VALUES (94, 92, 'PAB', '平安银行', '6221559482372724', '888888');
INSERT INTO `bank_card` VALUES (95, 93, 'CEB', '中国光大银行', '6226589449669065', '888888');
INSERT INTO `bank_card` VALUES (96, 94, 'BCOM', '交通银行', '6222609788248091', '888888');
INSERT INTO `bank_card` VALUES (97, 95, 'CEB', '中国光大银行', '6226509757468181', '888888');
INSERT INTO `bank_card` VALUES (98, 96, 'HXB', '华夏银行', '6226373785801602', '888888');
INSERT INTO `bank_card` VALUES (99, 97, 'CMBC', '中国民生银行', '6226006102644657', '888888');
INSERT INTO `bank_card` VALUES (100, 98, 'CGB', '广东发展银行', '6225689915215236', '888888');
INSERT INTO `bank_card` VALUES (101, 99, 'CMB', '招商银行', '6282624149234273', '888888');
INSERT INTO `bank_card` VALUES (102, 100, 'ICBC', '中国工商银行', '6222353006961124', '888888');
INSERT INTO `bank_card` VALUES (103, 101, 'CMBC', '中国民生银行', '6226018641696379', '888888');
INSERT INTO `bank_card` VALUES (104, 102, 'PAB', '平安银行', '6221568610916468', '888888');
INSERT INTO `bank_card` VALUES (105, 103, 'ICBC', '中国工商银行', '6222308451245662', '888888');
INSERT INTO `bank_card` VALUES (106, 104, 'CMB', '招商银行', '6282628912944349', '888888');
INSERT INTO `bank_card` VALUES (107, 105, 'BCOM', '交通银行', '6222608789824702', '888888');
COMMIT;

-- ----------------------------
-- Table structure for bank_card_details
-- ----------------------------
DROP TABLE IF EXISTS `bank_card_details`;
CREATE TABLE `bank_card_details` (
  `ID` bigint(20) NOT NULL AUTO_INCREMENT COMMENT '主键',
  `BANK_CARD_ID` bigint(20) NOT NULL COMMENT '银行卡ID',
  `CHANGE_TYPE` tinyint(4) DEFAULT NULL COMMENT '账户变动类型',
  `MONEY` decimal(10,2) DEFAULT NULL COMMENT '变动金额',
  `BALANCE` decimal(10,2) DEFAULT NULL COMMENT '当前余额',
  `CREATE_DATE` datetime DEFAULT NULL COMMENT '账户变动时间',
  PRIMARY KEY (`ID`)
) ENGINE=InnoDB AUTO_INCREMENT=156 DEFAULT CHARSET=utf8 COMMENT='银行卡明细';

-- ----------------------------
-- Records of bank_card_details
-- ----------------------------
BEGIN;
INSERT INTO `bank_card_details` VALUES (1, 1, 1, 5000.00, 5000.00, '2019-05-18 19:41:12');
INSERT INTO `bank_card_details` VALUES (3, 3, 1, 5000.00, 5000.00, '2019-05-18 20:11:51');
INSERT INTO `bank_card_details` VALUES (4, 4, 1, 5000.00, 5000.00, '2019-05-22 09:25:02');
INSERT INTO `bank_card_details` VALUES (5, 5, 1, 5000.00, 5000.00, '2019-05-27 16:58:42');
INSERT INTO `bank_card_details` VALUES (6, 5, 0, 600.00, 4400.00, '2019-05-27 21:37:08');
INSERT INTO `bank_card_details` VALUES (7, 5, 0, 500.00, 3900.00, '2019-05-27 21:41:47');
INSERT INTO `bank_card_details` VALUES (8, 5, 0, 500.00, 3400.00, '2019-05-27 21:45:36');
INSERT INTO `bank_card_details` VALUES (9, 5, 0, 200.00, 3200.00, '2019-05-27 22:15:57');
INSERT INTO `bank_card_details` VALUES (10, 5, 0, 200.00, 3000.00, '2019-05-27 22:16:53');
INSERT INTO `bank_card_details` VALUES (11, 5, 0, 2000.00, 1000.00, '2019-05-27 22:17:18');
INSERT INTO `bank_card_details` VALUES (16, 5, 0, 120.00, 880.00, '2019-05-29 23:51:23');
INSERT INTO `bank_card_details` VALUES (17, 5, 0, 120.00, 760.00, '2019-05-29 23:53:17');
INSERT INTO `bank_card_details` VALUES (18, 5, 0, 120.00, 640.00, '2019-05-29 23:55:51');
INSERT INTO `bank_card_details` VALUES (19, 5, 0, 120.00, 520.00, '2019-05-29 23:56:48');
INSERT INTO `bank_card_details` VALUES (20, 5, 0, 120.00, 400.00, '2019-05-29 23:57:44');
INSERT INTO `bank_card_details` VALUES (21, 5, 0, 3.00, 397.00, '2019-06-02 14:52:11');
INSERT INTO `bank_card_details` VALUES (22, 5, 0, 3.00, 394.00, '2019-06-03 15:07:27');
INSERT INTO `bank_card_details` VALUES (23, 5, 0, 3.00, 391.00, '2019-06-03 18:03:19');
INSERT INTO `bank_card_details` VALUES (24, 6, 1, 100000.00, 100000.00, '2019-06-04 20:33:51');
INSERT INTO `bank_card_details` VALUES (25, 7, 1, 100000.00, 100000.00, '2019-06-04 20:33:53');
INSERT INTO `bank_card_details` VALUES (26, 5, 0, 600.00, -209.00, '2019-06-05 18:33:48');
INSERT INTO `bank_card_details` VALUES (27, 5, 0, 600.00, -809.00, '2019-06-05 19:05:05');
INSERT INTO `bank_card_details` VALUES (28, 5, 0, 600.00, -1409.00, '2019-06-05 19:30:01');
INSERT INTO `bank_card_details` VALUES (29, 5, 0, 600.00, -2009.00, '2019-06-05 19:40:46');
INSERT INTO `bank_card_details` VALUES (30, 5, 0, 600.00, -2609.00, '2019-06-05 19:42:04');
INSERT INTO `bank_card_details` VALUES (32, 5, 0, 600.00, -3209.00, '2019-06-05 20:04:32');
INSERT INTO `bank_card_details` VALUES (33, 5, 0, 600.00, -3809.00, '2019-06-05 20:04:56');
INSERT INTO `bank_card_details` VALUES (34, 5, 0, 600.00, -4409.00, '2019-06-05 20:07:54');
INSERT INTO `bank_card_details` VALUES (35, 5, 0, 600.00, -5009.00, '2019-06-05 20:09:30');
INSERT INTO `bank_card_details` VALUES (36, 5, 0, 600.00, -5609.00, '2019-06-05 20:16:24');
INSERT INTO `bank_card_details` VALUES (37, 5, 0, 600.00, -6209.00, '2019-06-05 23:14:58');
INSERT INTO `bank_card_details` VALUES (39, 7, 0, 1234.00, 98766.00, '2019-06-11 09:11:57');
INSERT INTO `bank_card_details` VALUES (40, 7, 0, 67.00, 98699.00, '2019-06-11 09:34:33');
INSERT INTO `bank_card_details` VALUES (41, 7, 0, 67.00, 98632.00, '2019-06-11 09:36:07');
INSERT INTO `bank_card_details` VALUES (42, 7, 0, 11.34, 98620.66, '2019-06-11 14:58:50');
INSERT INTO `bank_card_details` VALUES (43, 7, 0, 123.24, 98497.42, '2019-06-12 10:41:17');
INSERT INTO `bank_card_details` VALUES (44, 8, 1, 100000.00, 100000.00, '2019-06-12 10:47:09');
INSERT INTO `bank_card_details` VALUES (45, 9, 1, 100000.00, 100000.00, '2019-06-12 10:47:09');
INSERT INTO `bank_card_details` VALUES (46, 10, 1, 100000.00, 100000.00, '2019-06-12 10:47:09');
INSERT INTO `bank_card_details` VALUES (47, 11, 1, 100000.00, 100000.00, '2019-06-12 10:47:09');
INSERT INTO `bank_card_details` VALUES (48, 12, 1, 100000.00, 100000.00, '2019-06-12 10:47:09');
INSERT INTO `bank_card_details` VALUES (49, 13, 1, 100000.00, 100000.00, '2019-06-12 10:47:09');
INSERT INTO `bank_card_details` VALUES (50, 14, 1, 100000.00, 100000.00, '2019-06-12 10:47:09');
INSERT INTO `bank_card_details` VALUES (51, 15, 1, 100000.00, 100000.00, '2019-06-12 10:47:09');
INSERT INTO `bank_card_details` VALUES (52, 16, 1, 100000.00, 100000.00, '2019-06-12 10:47:09');
INSERT INTO `bank_card_details` VALUES (53, 17, 1, 100000.00, 100000.00, '2019-06-12 10:47:09');
INSERT INTO `bank_card_details` VALUES (54, 18, 1, 100000.00, 100000.00, '2019-06-12 10:47:09');
INSERT INTO `bank_card_details` VALUES (55, 19, 1, 100000.00, 100000.00, '2019-06-12 10:47:09');
INSERT INTO `bank_card_details` VALUES (56, 20, 1, 100000.00, 100000.00, '2019-06-12 10:47:09');
INSERT INTO `bank_card_details` VALUES (57, 21, 1, 100000.00, 100000.00, '2019-06-12 10:47:09');
INSERT INTO `bank_card_details` VALUES (58, 22, 1, 100000.00, 100000.00, '2019-06-12 10:47:09');
INSERT INTO `bank_card_details` VALUES (59, 23, 1, 100000.00, 100000.00, '2019-06-12 10:47:10');
INSERT INTO `bank_card_details` VALUES (60, 24, 1, 100000.00, 100000.00, '2019-06-12 10:47:10');
INSERT INTO `bank_card_details` VALUES (61, 25, 1, 100000.00, 100000.00, '2019-06-12 10:47:10');
INSERT INTO `bank_card_details` VALUES (62, 26, 1, 100000.00, 100000.00, '2019-06-12 10:47:10');
INSERT INTO `bank_card_details` VALUES (63, 27, 1, 100000.00, 100000.00, '2019-06-12 10:47:10');
INSERT INTO `bank_card_details` VALUES (64, 28, 1, 100000.00, 100000.00, '2019-06-12 10:47:10');
INSERT INTO `bank_card_details` VALUES (65, 29, 1, 100000.00, 100000.00, '2019-06-12 10:47:10');
INSERT INTO `bank_card_details` VALUES (66, 30, 1, 100000.00, 100000.00, '2019-06-12 10:47:10');
INSERT INTO `bank_card_details` VALUES (67, 31, 1, 100000.00, 100000.00, '2019-06-12 10:47:10');
INSERT INTO `bank_card_details` VALUES (68, 32, 1, 100000.00, 100000.00, '2019-06-12 10:47:10');
INSERT INTO `bank_card_details` VALUES (69, 33, 1, 100000.00, 100000.00, '2019-06-12 10:47:10');
INSERT INTO `bank_card_details` VALUES (70, 34, 1, 100000.00, 100000.00, '2019-06-12 10:47:10');
INSERT INTO `bank_card_details` VALUES (71, 35, 1, 100000.00, 100000.00, '2019-06-12 10:47:10');
INSERT INTO `bank_card_details` VALUES (72, 36, 1, 100000.00, 100000.00, '2019-06-12 10:47:10');
INSERT INTO `bank_card_details` VALUES (73, 37, 1, 100000.00, 100000.00, '2019-06-12 10:47:10');
INSERT INTO `bank_card_details` VALUES (74, 38, 1, 100000.00, 100000.00, '2019-06-12 10:47:10');
INSERT INTO `bank_card_details` VALUES (75, 39, 1, 100000.00, 100000.00, '2019-06-12 10:47:10');
INSERT INTO `bank_card_details` VALUES (76, 40, 1, 100000.00, 100000.00, '2019-06-12 10:47:10');
INSERT INTO `bank_card_details` VALUES (77, 41, 1, 100000.00, 100000.00, '2019-06-12 10:47:11');
INSERT INTO `bank_card_details` VALUES (78, 42, 1, 100000.00, 100000.00, '2019-06-12 10:47:11');
INSERT INTO `bank_card_details` VALUES (79, 43, 1, 100000.00, 100000.00, '2019-06-12 10:47:11');
INSERT INTO `bank_card_details` VALUES (80, 44, 1, 100000.00, 100000.00, '2019-06-12 10:47:11');
INSERT INTO `bank_card_details` VALUES (81, 45, 1, 100000.00, 100000.00, '2019-06-12 10:47:11');
INSERT INTO `bank_card_details` VALUES (82, 46, 1, 100000.00, 100000.00, '2019-06-12 10:47:11');
INSERT INTO `bank_card_details` VALUES (83, 47, 1, 100000.00, 100000.00, '2019-06-12 10:47:11');
INSERT INTO `bank_card_details` VALUES (84, 48, 1, 100000.00, 100000.00, '2019-06-12 10:47:11');
INSERT INTO `bank_card_details` VALUES (85, 49, 1, 100000.00, 100000.00, '2019-06-12 10:47:11');
INSERT INTO `bank_card_details` VALUES (86, 50, 1, 100000.00, 100000.00, '2019-06-12 10:47:11');
INSERT INTO `bank_card_details` VALUES (87, 51, 1, 100000.00, 100000.00, '2019-06-12 10:47:11');
INSERT INTO `bank_card_details` VALUES (88, 52, 1, 100000.00, 100000.00, '2019-06-12 10:47:11');
INSERT INTO `bank_card_details` VALUES (89, 53, 1, 100000.00, 100000.00, '2019-06-12 10:47:11');
INSERT INTO `bank_card_details` VALUES (90, 54, 1, 100000.00, 100000.00, '2019-06-12 10:47:11');
INSERT INTO `bank_card_details` VALUES (91, 55, 1, 100000.00, 100000.00, '2019-06-12 10:47:11');
INSERT INTO `bank_card_details` VALUES (92, 56, 1, 100000.00, 100000.00, '2019-06-12 10:47:11');
INSERT INTO `bank_card_details` VALUES (93, 57, 1, 100000.00, 100000.00, '2019-06-12 10:47:11');
INSERT INTO `bank_card_details` VALUES (94, 58, 1, 100000.00, 100000.00, '2019-06-12 10:47:11');
INSERT INTO `bank_card_details` VALUES (95, 59, 1, 100000.00, 100000.00, '2019-06-12 10:47:11');
INSERT INTO `bank_card_details` VALUES (96, 60, 1, 100000.00, 100000.00, '2019-06-12 10:47:12');
INSERT INTO `bank_card_details` VALUES (97, 61, 1, 100000.00, 100000.00, '2019-06-12 10:47:12');
INSERT INTO `bank_card_details` VALUES (98, 62, 1, 100000.00, 100000.00, '2019-06-12 10:47:12');
INSERT INTO `bank_card_details` VALUES (99, 63, 1, 100000.00, 100000.00, '2019-06-12 10:47:12');
INSERT INTO `bank_card_details` VALUES (100, 64, 1, 100000.00, 100000.00, '2019-06-12 10:47:12');
INSERT INTO `bank_card_details` VALUES (101, 65, 1, 100000.00, 100000.00, '2019-06-12 10:47:12');
INSERT INTO `bank_card_details` VALUES (102, 66, 1, 100000.00, 100000.00, '2019-06-12 10:47:12');
INSERT INTO `bank_card_details` VALUES (103, 67, 1, 100000.00, 100000.00, '2019-06-12 10:47:12');
INSERT INTO `bank_card_details` VALUES (104, 68, 1, 100000.00, 100000.00, '2019-06-12 10:47:12');
INSERT INTO `bank_card_details` VALUES (105, 69, 1, 100000.00, 100000.00, '2019-06-12 10:47:12');
INSERT INTO `bank_card_details` VALUES (106, 70, 1, 100000.00, 100000.00, '2019-06-12 10:47:12');
INSERT INTO `bank_card_details` VALUES (107, 71, 1, 100000.00, 100000.00, '2019-06-12 10:47:12');
INSERT INTO `bank_card_details` VALUES (108, 72, 1, 100000.00, 100000.00, '2019-06-12 10:47:12');
INSERT INTO `bank_card_details` VALUES (109, 73, 1, 100000.00, 100000.00, '2019-06-12 10:47:12');
INSERT INTO `bank_card_details` VALUES (110, 74, 1, 100000.00, 100000.00, '2019-06-12 10:47:12');
INSERT INTO `bank_card_details` VALUES (111, 75, 1, 100000.00, 100000.00, '2019-06-12 10:47:12');
INSERT INTO `bank_card_details` VALUES (112, 76, 1, 100000.00, 100000.00, '2019-06-12 10:47:12');
INSERT INTO `bank_card_details` VALUES (113, 77, 1, 100000.00, 100000.00, '2019-06-12 10:47:12');
INSERT INTO `bank_card_details` VALUES (114, 78, 1, 100000.00, 100000.00, '2019-06-12 10:47:12');
INSERT INTO `bank_card_details` VALUES (115, 79, 1, 100000.00, 100000.00, '2019-06-12 10:47:13');
INSERT INTO `bank_card_details` VALUES (116, 80, 1, 100000.00, 100000.00, '2019-06-12 10:47:13');
INSERT INTO `bank_card_details` VALUES (117, 81, 1, 100000.00, 100000.00, '2019-06-12 10:47:13');
INSERT INTO `bank_card_details` VALUES (118, 82, 1, 100000.00, 100000.00, '2019-06-12 10:47:13');
INSERT INTO `bank_card_details` VALUES (119, 83, 1, 100000.00, 100000.00, '2019-06-12 10:47:13');
INSERT INTO `bank_card_details` VALUES (120, 84, 1, 100000.00, 100000.00, '2019-06-12 10:47:13');
INSERT INTO `bank_card_details` VALUES (121, 85, 1, 100000.00, 100000.00, '2019-06-12 10:47:13');
INSERT INTO `bank_card_details` VALUES (122, 86, 1, 100000.00, 100000.00, '2019-06-12 10:47:13');
INSERT INTO `bank_card_details` VALUES (123, 87, 1, 100000.00, 100000.00, '2019-06-12 10:47:13');
INSERT INTO `bank_card_details` VALUES (124, 88, 1, 100000.00, 100000.00, '2019-06-12 10:47:13');
INSERT INTO `bank_card_details` VALUES (125, 89, 1, 100000.00, 100000.00, '2019-06-12 10:47:13');
INSERT INTO `bank_card_details` VALUES (126, 90, 1, 100000.00, 100000.00, '2019-06-12 10:47:13');
INSERT INTO `bank_card_details` VALUES (127, 91, 1, 100000.00, 100000.00, '2019-06-12 10:47:13');
INSERT INTO `bank_card_details` VALUES (128, 92, 1, 100000.00, 100000.00, '2019-06-12 10:47:13');
INSERT INTO `bank_card_details` VALUES (129, 93, 1, 100000.00, 100000.00, '2019-06-12 10:47:13');
INSERT INTO `bank_card_details` VALUES (130, 94, 1, 100000.00, 100000.00, '2019-06-12 10:47:13');
INSERT INTO `bank_card_details` VALUES (131, 95, 1, 100000.00, 100000.00, '2019-06-12 10:47:13');
INSERT INTO `bank_card_details` VALUES (132, 96, 1, 100000.00, 100000.00, '2019-06-12 10:47:13');
INSERT INTO `bank_card_details` VALUES (133, 97, 1, 100000.00, 100000.00, '2019-06-12 10:47:13');
INSERT INTO `bank_card_details` VALUES (134, 98, 1, 100000.00, 100000.00, '2019-06-12 10:47:13');
INSERT INTO `bank_card_details` VALUES (135, 99, 1, 100000.00, 100000.00, '2019-06-12 10:47:13');
INSERT INTO `bank_card_details` VALUES (136, 100, 1, 100000.00, 100000.00, '2019-06-12 10:47:14');
INSERT INTO `bank_card_details` VALUES (137, 101, 1, 100000.00, 100000.00, '2019-06-12 10:47:14');
INSERT INTO `bank_card_details` VALUES (138, 102, 1, 100000.00, 100000.00, '2019-06-12 10:47:14');
INSERT INTO `bank_card_details` VALUES (139, 103, 1, 100000.00, 100000.00, '2019-06-12 10:47:14');
INSERT INTO `bank_card_details` VALUES (140, 104, 1, 100000.00, 100000.00, '2019-06-12 10:47:14');
INSERT INTO `bank_card_details` VALUES (141, 105, 1, 100000.00, 100000.00, '2019-06-12 10:47:14');
INSERT INTO `bank_card_details` VALUES (142, 106, 1, 100000.00, 100000.00, '2019-06-12 10:47:14');
INSERT INTO `bank_card_details` VALUES (143, 107, 1, 100000.00, 100000.00, '2019-06-12 10:47:14');
INSERT INTO `bank_card_details` VALUES (144, 8, 0, 2342.00, 97658.00, '2019-06-12 10:51:44');
INSERT INTO `bank_card_details` VALUES (145, 7, 0, 234.00, 98263.42, '2019-06-13 14:11:43');
INSERT INTO `bank_card_details` VALUES (146, 7, 0, 6.00, 98257.42, '2019-06-13 14:39:37');
INSERT INTO `bank_card_details` VALUES (147, 7, 0, 1.30, 98256.12, '2019-06-13 14:51:12');
INSERT INTO `bank_card_details` VALUES (148, 7, 0, 3.00, 98253.12, '2019-06-13 14:53:20');
INSERT INTO `bank_card_details` VALUES (149, 7, 0, 111.00, 98142.12, '2019-06-13 15:40:53');
INSERT INTO `bank_card_details` VALUES (150, 9, 0, 9000.00, 91000.00, '2019-06-13 15:51:34');
INSERT INTO `bank_card_details` VALUES (151, 10, 0, 10000.00, 90000.00, '2019-06-13 18:59:49');
INSERT INTO `bank_card_details` VALUES (152, 9, 0, 500.00, 90500.00, '2019-06-25 17:27:25');
INSERT INTO `bank_card_details` VALUES (153, 9, 0, 100000.00, -9500.00, '2019-06-25 17:44:23');
INSERT INTO `bank_card_details` VALUES (154, 10, 1, 2.00, 90002.00, '2019-06-25 18:47:46');
INSERT INTO `bank_card_details` VALUES (155, 46, 0, 900.00, 99100.00, '2019-06-25 18:53:02');
COMMIT;

-- ----------------------------
-- Table structure for bank_user
-- ----------------------------
DROP TABLE IF EXISTS `bank_user`;
CREATE TABLE `bank_user` (
  `ID` bigint(20) NOT NULL AUTO_INCREMENT COMMENT '主键',
  `FULLNAME` varchar(50) NOT NULL COMMENT '真实姓名',
  `ID_NUMBER` varchar(50) DEFAULT NULL COMMENT '身份证号',
  `MOBILE` varchar(50) DEFAULT NULL COMMENT '银行预留手机号',
  `USER_TYPE` tinyint(4) DEFAULT NULL COMMENT '用户类型,个人1or企业0，预留',
  PRIMARY KEY (`ID`)
) ENGINE=InnoDB AUTO_INCREMENT=106 DEFAULT CHARSET=utf8 COMMENT='银行用户信息表';

-- ----------------------------
-- Records of bank_user
-- ----------------------------
BEGIN;
INSERT INTO `bank_user` VALUES (1, '张三', '320926195511175276', '13092615276', 1);
INSERT INTO `bank_user` VALUES (2, 'yuan', '320926195511175276', '13092615276', 1);
INSERT INTO `bank_user` VALUES (3, '郭莱', '642726199405260470', '15622232425', 1);
INSERT INTO `bank_user` VALUES (4, '潘策撒', '611455198908296533', '17650450084', 1);
INSERT INTO `bank_user` VALUES (5, '赵僧', '658182198109222913', '15315176089', 1);
INSERT INTO `bank_user` VALUES (6, '林杖', '816196198106065728', '15128031471', 1);
INSERT INTO `bank_user` VALUES (7, '牛吹砌', '148092199809165085', '13295675266', 1);
INSERT INTO `bank_user` VALUES (8, '左丘娜沸', '332846198810110031', '13480005174', 1);
INSERT INTO `bank_user` VALUES (9, '周介埂', '235501199505245006', '15167083353', 1);
INSERT INTO `bank_user` VALUES (10, '冯盖', '319554197403051304', '15659769565', 1);
INSERT INTO `bank_user` VALUES (11, '钟昌', '650824199609136300', '13085212631', 1);
INSERT INTO `bank_user` VALUES (12, '薛胯', '218711198811078208', '13432815625', 1);
INSERT INTO `bank_user` VALUES (13, '程如菌', '213187198702235665', '14551043378', 1);
INSERT INTO `bank_user` VALUES (14, '阎枯型', '826407198208290571', '13936615370', 1);
INSERT INTO `bank_user` VALUES (15, '尹哑', '121437197412088219', '13202869208', 1);
INSERT INTO `bank_user` VALUES (16, '孟胶', '36804419980508291X', '13169359398', 1);
INSERT INTO `bank_user` VALUES (17, '武嚷', '334283198904205200', '13578704763', 1);
INSERT INTO `bank_user` VALUES (18, '马撕', '50901719910520892X', '18097823533', 1);
INSERT INTO `bank_user` VALUES (19, '宇文汐寒', '50987619720304496X', '17732046093', 1);
INSERT INTO `bank_user` VALUES (20, '常菇苏', '71474019710529321X', '15631316766', 1);
INSERT INTO `bank_user` VALUES (21, '尹硫', '528714199712312704', '18950478792', 1);
INSERT INTO `bank_user` VALUES (22, '闾丘题', '367705198507156667', '15356687324', 1);
INSERT INTO `bank_user` VALUES (23, '石识魏', '46274819820812420X', '15765244066', 1);
INSERT INTO `bank_user` VALUES (24, '范禁亦', '527314197903138989', '15031762830', 1);
INSERT INTO `bank_user` VALUES (25, '严淘篡', '469004199905082988', '13811707902', 1);
INSERT INTO `bank_user` VALUES (26, '独孤隙虎', '337060199112098752', '13127723763', 1);
INSERT INTO `bank_user` VALUES (27, '石狞', '158406197710149419', '13218290514', 1);
INSERT INTO `bank_user` VALUES (28, '许戊', '654857198703205663', '15537193965', 1);
INSERT INTO `bank_user` VALUES (29, '吕腻', '416650199711117598', '17898252417', 1);
INSERT INTO `bank_user` VALUES (30, '杜荐', '458401199511153878', '13422049014', 1);
INSERT INTO `bank_user` VALUES (31, '许暇', '647521198507166220', '13729380145', 1);
INSERT INTO `bank_user` VALUES (32, '杨琼泅', '376510199302116931', '13138011983', 1);
INSERT INTO `bank_user` VALUES (33, '钱姥武', '159439197106113151', '14559556409', 1);
INSERT INTO `bank_user` VALUES (34, '夏闻舌', '500024197608278889', '17877491145', 1);
INSERT INTO `bank_user` VALUES (35, '钟砰', '232246199602135312', '18731662755', 1);
INSERT INTO `bank_user` VALUES (36, '傅癣', '504291199009096761', '13716696634', 1);
INSERT INTO `bank_user` VALUES (37, '韦守', '369855197106111747', '18072432532', 1);
INSERT INTO `bank_user` VALUES (38, '雷等', '439940197209134633', '15731962718', 1);
INSERT INTO `bank_user` VALUES (39, '欧阳所', '544573198010317492', '18858624665', 1);
INSERT INTO `bank_user` VALUES (40, '左丘辊', '510601197605202029', '18543535768', 1);
INSERT INTO `bank_user` VALUES (41, '江同创', '457717197101036385', '18045149329', 1);
INSERT INTO `bank_user` VALUES (42, '薛惰', '520747198707120295', '13994625627', 1);
INSERT INTO `bank_user` VALUES (43, '邓鞋舀', '714650197608218972', '13002504407', 1);
INSERT INTO `bank_user` VALUES (44, '廖巡', '326853198706250072', '18578711677', 1);
INSERT INTO `bank_user` VALUES (45, '诸葛概闷', '450282198711121219', '13464523389', 1);
INSERT INTO `bank_user` VALUES (46, '陆品帜', '612505197910033044', '18092319919', 1);
INSERT INTO `bank_user` VALUES (47, '毛品', '538233197010303445', '13772767628', 1);
INSERT INTO `bank_user` VALUES (48, '金斧任', '154848198802261543', '13229743534', 1);
INSERT INTO `bank_user` VALUES (49, '唐温狙', '537375199207212923', '18248837023', 1);
INSERT INTO `bank_user` VALUES (50, '康习', '312117197804280183', '13516199632', 1);
INSERT INTO `bank_user` VALUES (51, '石挚', '22568319780519043X', '15235995604', 1);
INSERT INTO `bank_user` VALUES (52, '牛化', '154361199307171581', '18681304182', 1);
INSERT INTO `bank_user` VALUES (53, '范辞盔', '415681198907294392', '15816319885', 1);
INSERT INTO `bank_user` VALUES (54, '钱兵', '624071199308129579', '18311427244', 1);
INSERT INTO `bank_user` VALUES (55, '许周稳', '148543198712057374', '15950686330', 1);
INSERT INTO `bank_user` VALUES (56, '彭染', '540171198509094525', '18970633692', 1);
INSERT INTO `bank_user` VALUES (57, '龙听', '34785819851201633X', '13060395551', 1);
INSERT INTO `bank_user` VALUES (58, '郝樟', '465426199905315311', '18070443166', 1);
INSERT INTO `bank_user` VALUES (59, '谭窗', '370258200001170809', '13272401797', 1);
INSERT INTO `bank_user` VALUES (60, '姜较', '234391198110184868', '15710736930', 1);
INSERT INTO `bank_user` VALUES (61, '沈非', '425248198401255111', '17642307399', 1);
INSERT INTO `bank_user` VALUES (62, '郝延心', '14902019740324578X', '17610872493', 1);
INSERT INTO `bank_user` VALUES (63, '石榴', '126159198506070264', '18388804269', 1);
INSERT INTO `bank_user` VALUES (64, '皇甫彬', '915389198507292374', '13836359142', 1);
INSERT INTO `bank_user` VALUES (65, '武傅冀', '234344199401173317', '18643726376', 1);
INSERT INTO `bank_user` VALUES (66, '尉迟膀治', '113066198610311826', '17833832630', 1);
INSERT INTO `bank_user` VALUES (67, '邓奠', '430051198607133413', '17807806019', 1);
INSERT INTO `bank_user` VALUES (68, '皇甫枫杂', '640682198608222158', '17607148194', 1);
INSERT INTO `bank_user` VALUES (69, '彭晴村', '151491197310218274', '17848061066', 1);
INSERT INTO `bank_user` VALUES (70, '段源', '919414199508196686', '13726121662', 1);
INSERT INTO `bank_user` VALUES (71, '陆抹', '320547199405303703', '17853089464', 1);
INSERT INTO `bank_user` VALUES (72, '龙遣', '212600199207104216', '18171973193', 1);
INSERT INTO `bank_user` VALUES (73, '赵桨痞', '817300199108148504', '18112607223', 1);
INSERT INTO `bank_user` VALUES (74, '谭伟', '414730199908315940', '13773053021', 1);
INSERT INTO `bank_user` VALUES (75, '武凄', '135774198901303790', '13426667200', 1);
INSERT INTO `bank_user` VALUES (76, '邓例赛', '442440198906299268', '18731158532', 1);
INSERT INTO `bank_user` VALUES (77, '谢强', '336288199003016099', '18899035497', 1);
INSERT INTO `bank_user` VALUES (78, '万厘', '527727199612216206', '18672041039', 1);
INSERT INTO `bank_user` VALUES (79, '慕容懈节', '531383199801272907', '17746742300', 1);
INSERT INTO `bank_user` VALUES (80, '轩辕翅模', '535041197904143678', '15986086675', 1);
INSERT INTO `bank_user` VALUES (81, '司马区抑', '464734198212289289', '15513960357', 1);
INSERT INTO `bank_user` VALUES (82, '马泊', '451047198002125314', '13963169566', 1);
INSERT INTO `bank_user` VALUES (83, '汪现', '532365199312154596', '13199615739', 1);
INSERT INTO `bank_user` VALUES (84, '王哺吭', '422261199310307839', '15775780552', 1);
INSERT INTO `bank_user` VALUES (85, '黄探', '373578198406084321', '18080448816', 1);
INSERT INTO `bank_user` VALUES (86, '夏维', '238898197512282250', '15892800244', 1);
INSERT INTO `bank_user` VALUES (87, '东方瘸拂', '312719199003290984', '14741800195', 1);
INSERT INTO `bank_user` VALUES (88, '阎挛丽', '420429199910277513', '15774826918', 1);
INSERT INTO `bank_user` VALUES (89, '冯禄', '228752198104261707', '13592371428', 1);
INSERT INTO `bank_user` VALUES (90, '高蒙', '506128198212123881', '15896603012', 1);
INSERT INTO `bank_user` VALUES (91, '汪咽硬', '128440198405115257', '18544231416', 1);
INSERT INTO `bank_user` VALUES (92, '公孙根噬', '52353019900722384X', '13594492319', 1);
INSERT INTO `bank_user` VALUES (93, '轩辕播', '53859319851005151X', '13011561767', 1);
INSERT INTO `bank_user` VALUES (94, '龙妓', '462174199508187135', '18072185374', 1);
INSERT INTO `bank_user` VALUES (95, '薛壤', '514456199504287155', '13056539391', 1);
INSERT INTO `bank_user` VALUES (96, '董照', '335062198108052037', '13456380275', 1);
INSERT INTO `bank_user` VALUES (97, '谭噶', '46542819840414775X', '18528387776', 1);
INSERT INTO `bank_user` VALUES (98, '梁独箔', '12012019960506893X', '15767342811', 1);
INSERT INTO `bank_user` VALUES (99, '龚谁恩', '453097197002241762', '18568299912', 1);
INSERT INTO `bank_user` VALUES (100, '钱毖', '45461919910812973X', '13679828012', 1);
INSERT INTO `bank_user` VALUES (101, '赖扣', '110504197209199074', '18724139599', 1);
INSERT INTO `bank_user` VALUES (102, '戴细', '212647197302160095', '13398169318', 1);
INSERT INTO `bank_user` VALUES (103, '汪池', '658657198107112527', '18628831440', 1);
INSERT INTO `bank_user` VALUES (104, '朱刹产', '540341197410169767', '13128012990', 1);
INSERT INTO `bank_user` VALUES (105, '高殖', '717387198402174680', '14505793631', 1);
COMMIT;

-- ----------------------------
-- Table structure for claim
-- ----------------------------
DROP TABLE IF EXISTS `claim`;
CREATE TABLE `claim` (
  `ID` bigint(20) NOT NULL COMMENT '主键',
  `PROJECT_ID` bigint(20) DEFAULT NULL COMMENT '标的标识',
  `PROJECT_NO` varchar(50) DEFAULT NULL COMMENT '标的编码',
  `CONSUMER_ID` bigint(20) NOT NULL COMMENT '发标人用户标识(冗余)',
  `SOURCE_TENDER_ID` bigint(20) NOT NULL COMMENT '投标信息标识(转让来源)',
  `ROOT_PROJECT_ID` bigint(20) DEFAULT NULL COMMENT '原始标的标识(冗余)',
  `ROOT_PROJECT_NO` varchar(50) DEFAULT NULL COMMENT '原始标的编码(冗余)',
  `ASSIGNMENT_REQUEST_NO` varchar(50) DEFAULT NULL COMMENT '债权转让 请求流水号',
  PRIMARY KEY (`ID`),
  KEY `FK_Reference_17` (`PROJECT_ID`)
) ENGINE=InnoDB DEFAULT CHARSET=utf8 COMMENT='债权转让标的附加信息';

-- ----------------------------
-- Table structure for depository_bank_card
-- ----------------------------
DROP TABLE IF EXISTS `depository_bank_card`;
CREATE TABLE `depository_bank_card` (
  `ID` bigint(20) NOT NULL AUTO_INCREMENT COMMENT '主键',
  `USER_ID` bigint(20) DEFAULT NULL COMMENT '用户标识',
  `BANK_CODE` varchar(50) NOT NULL COMMENT '银行编码',
  `BANK_NAME` varchar(50) DEFAULT NULL COMMENT '银行名称',
  `CARD_NUMBER` varchar(50) DEFAULT NULL COMMENT '银行卡号',
  `MOBILE` varchar(50) DEFAULT NULL COMMENT '银行预留手机号',
  `APP_CODE` varchar(50) DEFAULT NULL COMMENT '应用编码',
  `REQUEST_NO` varchar(50) DEFAULT NULL COMMENT '请求流水号',
  PRIMARY KEY (`ID`)
) ENGINE=InnoDB DEFAULT CHARSET=utf8 COMMENT='存管用户绑定银行卡信息';

-- ----------------------------
-- Table structure for project
-- ----------------------------
DROP TABLE IF EXISTS `project`;
CREATE TABLE `project` (
  `ID` bigint(20) NOT NULL COMMENT '主键',
  `USER_NO` varchar(50) DEFAULT NULL COMMENT '发标人用户编码',
  `PROJECT_NO` varchar(50) DEFAULT NULL COMMENT '标的编码',
  `NAME` varchar(50) DEFAULT NULL COMMENT '标的名称',
  `DESCRIPTION` longtext COMMENT '标的描述',
  `TYPE` varchar(50) DEFAULT NULL COMMENT '标的类型',
  `PERIOD` int(11) DEFAULT NULL COMMENT '标的期限(单位:天)',
  `BORROWER_ANNUAL_RATE` decimal(10,2) DEFAULT NULL COMMENT '年化利率(借款人视图)',
  `REPAYMENT_WAY` varchar(50) DEFAULT NULL COMMENT '还款方式',
  `AMOUNT` decimal(10,2) DEFAULT NULL COMMENT '募集金额',
  `PROJECT_STATUS` varchar(50) DEFAULT NULL COMMENT '标的状态',
  `CREATE_DATE` datetime DEFAULT NULL COMMENT '创建时间',
  `MODIFY_DATE` datetime DEFAULT NULL COMMENT '修改时间',
  `IS_ASSIGNMENT` tinyint(4) DEFAULT NULL COMMENT '是否是债权出让标',
  `REQUEST_NO` varchar(50) DEFAULT NULL COMMENT '请求流水号',
  PRIMARY KEY (`ID`)
) ENGINE=InnoDB DEFAULT CHARSET=utf8 COMMENT='标的信息表';

-- ----------------------------
-- Table structure for recharge_details
-- ----------------------------
DROP TABLE IF EXISTS `recharge_details`;
CREATE TABLE `recharge_details` (
  `ID` bigint(20) NOT NULL AUTO_INCREMENT COMMENT '主键',
  `REQUEST_NO` varchar(50) DEFAULT NULL COMMENT '请求流水号',
  `USER_NO` varchar(50) DEFAULT NULL COMMENT '用户编码,生成唯一,用户在存管系统标识',
  `AMOUNT` decimal(10,2) DEFAULT NULL COMMENT '金额',
  `CREATE_DATE` datetime DEFAULT NULL COMMENT '触发时间',
  `STATUS` tinyint(4) DEFAULT NULL COMMENT '执行结果',
  `FINISH_DATE` datetime DEFAULT NULL COMMENT '执行返回时间',
  `APP_CODE` varchar(50) DEFAULT NULL COMMENT '应用编码',
  PRIMARY KEY (`ID`)
) ENGINE=InnoDB DEFAULT CHARSET=utf8 COMMENT='充值记录表';

-- ----------------------------
-- Table structure for request_details
-- ----------------------------
DROP TABLE IF EXISTS `request_details`;
CREATE TABLE `request_details` (
  `ID` bigint(20) NOT NULL AUTO_INCREMENT,
  `APP_CODE` varchar(50) DEFAULT NULL COMMENT '应用编码',
  `REQUEST_NO` varchar(50) DEFAULT NULL,
  `SERVICE_NAME` varchar(50) DEFAULT NULL COMMENT '请求类型:1.用户信息、2.绑卡信息',
  `REQUEST_DATA` text,
  `RESPONSE_DATA` text,
  `STATUS` tinyint(4) DEFAULT NULL COMMENT '执行结果',
  `CREATE_DATE` datetime DEFAULT NULL COMMENT '请求时间',
  `FINISH_DATE` datetime DEFAULT NULL COMMENT '执行返回时间',
  PRIMARY KEY (`ID`)
) ENGINE=InnoDB DEFAULT CHARSET=utf8 COMMENT='存管系统请求信息表';

-- ----------------------------
-- Table structure for tender
-- ----------------------------
DROP TABLE IF EXISTS `tender`;
CREATE TABLE `tender` (
  `ID` bigint(20) NOT NULL AUTO_INCREMENT COMMENT '主键',
  `USER_NO` varchar(50) DEFAULT NULL COMMENT '投标人用户编码',
  `PROJECT_NO` varchar(50) DEFAULT NULL COMMENT '标的编码',
  `AMOUNT` decimal(10,2) DEFAULT NULL COMMENT '投标冻结金额',
  `TENDER_STATUS` varchar(50) DEFAULT NULL COMMENT '投标状态',
  `CREATE_DATE` datetime DEFAULT NULL COMMENT '创建时间',
  `MODIFY_DATE` datetime DEFAULT NULL COMMENT '修改时间',
  `REQUEST_NO` varchar(50) DEFAULT NULL COMMENT '投标/债权转让 请求流水号',
  `REMARK` varchar(50) DEFAULT NULL COMMENT '备注',
  PRIMARY KEY (`ID`)
) ENGINE=InnoDB DEFAULT CHARSET=utf8 COMMENT='投标信息表';

-- ----------------------------
-- Table structure for user
-- ----------------------------
DROP TABLE IF EXISTS `user`;
CREATE TABLE `user` (
  `ID` bigint(20) NOT NULL AUTO_INCREMENT COMMENT '主键',
  `USER_NO` varchar(50) DEFAULT NULL COMMENT '用户编码,生成唯一,用户在存管系统标识',
  `FULLNAME` varchar(50) NOT NULL COMMENT '真实姓名',
  `ID_NUMBER` varchar(50) DEFAULT NULL COMMENT '身份证号',
  `PASSWORD` varchar(50) DEFAULT NULL COMMENT '存管支付密码',
  `MOBILE` varchar(50) DEFAULT NULL COMMENT '存管预留手机号',
  `USER_TYPE` tinyint(4) DEFAULT NULL COMMENT '用户类型,个人or企业，预留',
  `ROLE` varchar(50) DEFAULT NULL COMMENT '用户角色',
  `AUTH_LIST` varchar(50) DEFAULT NULL COMMENT '授权列表',
  `IS_BIND_CARD` tinyint(4) DEFAULT NULL COMMENT '是否已绑定银行卡',
  `APP_CODE` varchar(50) DEFAULT NULL COMMENT '应用编码',
  `REQUEST_NO` varchar(50) DEFAULT NULL COMMENT '请求流水号',
  `CREATE_DATE` datetime DEFAULT NULL COMMENT '产生时间',
  PRIMARY KEY (`ID`)
) ENGINE=InnoDB DEFAULT CHARSET=utf8 COMMENT='存管用户信息表';

-- ----------------------------
-- Table structure for withdraw_details
-- ----------------------------
DROP TABLE IF EXISTS `withdraw_details`;
CREATE TABLE `withdraw_details` (
  `ID` bigint(20) NOT NULL AUTO_INCREMENT COMMENT '主键',
  `REQUEST_NO` varchar(50) DEFAULT NULL COMMENT '请求流水号',
  `USER_NO` varchar(50) DEFAULT NULL COMMENT '用户编码,生成唯一,用户在存管系统标识',
  `AMOUNT` decimal(10,2) DEFAULT NULL COMMENT '金额',
  `COMMISSION` decimal(10,2) DEFAULT NULL COMMENT '平台佣金',
  `CREATE_DATE` datetime DEFAULT NULL COMMENT '触发时间',
  `STATUS` tinyint(4) DEFAULT NULL COMMENT '执行结果',
  `FINISH_DATE` datetime DEFAULT NULL COMMENT '执行返回时间',
  `APP_CODE` varchar(50) DEFAULT NULL COMMENT '应用编码',
  PRIMARY KEY (`ID`)
) ENGINE=InnoDB DEFAULT CHARSET=utf8 COMMENT='用户余额明细表';

SET FOREIGN_KEY_CHECKS = 1;
